date,type,cryptocurrency,amount,pricePerUnit,totalValue,platformFee,tdsDeducted,exchange
2024-01-15,BUY,BTC,0.5,4200000,2100000,2100,0,WazirX
2024-02-10,BUY,ETH,2.5,180000,450000,450,0,CoinDCX
2024-03-05,SELL,BTC,0.3,4500000,1350000,1350,13500,WazirX
2024-04-20,BUY,BTC,0.2,4300000,860000,860,0,ZebPay
2024-05-15,SELL,ETH,1.5,195000,292500,292.5,2925,CoinDCX
2024-06-10,BUY,SOL,10,8000,80000,80,0,WazirX
2024-07-22,SELL,SOL,5,9500,47500,47.5,475,WazirX
2024-08-18,BUY,BTC,0.15,4400000,660000,660,0,CoinDCX
2024-09-30,SELL,BTC,0.45,4600000,2070000,2070,20700,ZebPay
